"AccountId","AccountName","EC2Access","EBSAccess","EBSVolumesFound"
"145462881720","cortado-staging","NO","YES","7"
"010928212058","Log Archive","NO","YES","7"
"198161015548","Charles Mount","NO","YES","7"
"729265419250","SRSAWS","NO","YES","7"
"450320546527","IT Solutions","NO","YES","7"
"163799539090","Stage Account","NO","YES","7"
"193650285903","Backup Account","NO","YES","7"
"872864771989","Brian Moran","NO","YES","7"
"010928211854","Audit","NO","YES","7"
"015815251546","Production Account","NO","YES","7"
"145260055644","Onehub Development","NO","YES","7"
"223347559318","Development","NO","YES","7"
"013612877090","AWS Development","NO","YES","7"
"317609321563","doppio-production","NO","YES","7"
"010928226815","AFT-Management","NO","YES","7"
"582520650702","formkiq_dev","NO","YES","7"
"946447852237","Cortado Production","NO","YES","7"
"508093650048","QA Account","NO","YES","7"
