"BucketName","CreationDate"
"aws-athena-query-results-198161015548-us-east-1","2024-07-11T17:28:54+00:00"
"aws-cloudtrail-logs-198161015548-375c0d8d","2024-11-07T21:53:17+00:00"
"aws-opsworks-cm-puppetmaster-ops-dev-z4w90o5vfomf","2025-10-30T20:32:28+00:00"
"aws-sam-cli-managed-default-samclisourcebucket-syh9dfsnvirh","2025-11-05T20:30:50+00:00"
"cf-templates-9ru8r5vku9ve-us-east-1","2024-07-11T17:28:24+00:00"
"config-bucket-198161015548","2024-07-11T17:24:12+00:00"
"cturner-dev.example.com","2024-07-11T16:58:43+00:00"
"cturner-test.example.com","2024-07-11T17:00:17+00:00"
"cw-syn-results-198161015548-us-east-1","2024-07-11T17:21:33+00:00"
"dcamerino","2024-09-10T16:29:09+00:00"
"destination-test-ryang.dev.onehub.com","2024-07-11T17:37:08+00:00"
"destination-test-swetonic.dev.onehub.com","2024-07-11T17:01:02+00:00"
"doppio-docusign-transfer-production","2021-04-01T20:01:14+00:00"
"doppio-docusign-transfer-staging","2021-04-01T20:02:03+00:00"
"doppio-docusign-transfer-stagingdev","2024-10-18T09:11:39+00:00"
"doppio-dynamic-thumbnails","2025-11-01T16:00:01+00:00"
"doppio.onehub.com","2024-07-11T17:34:34+00:00"
"doppio.onehubdev.com","2020-07-02T13:40:47+00:00"
"doppio.onehubimport.com","2024-07-11T17:36:35+00:00"
"doppio.onehubstaging.com","2025-04-01T04:31:25+00:00"
"doppio.onehubstagingdev.com","2024-10-18T09:11:39+00:00"
"elasticbeanstalk-us-east-1-198161015548","2024-07-11T17:22:38+00:00"
"elb-logs.onehub.com","2024-07-11T16:59:15+00:00"
"error-processor-bucket-36qx9gk8r4m1","2025-11-05T09:14:23+00:00"
"es-data-test","2020-06-30T18:31:02+00:00"
"es-production-snapshot","2020-06-19T17:06:24+00:00"
"espresso.onehub.com","2024-07-11T17:23:41+00:00"
"espresso.onehubstaging.com","2024-07-11T16:55:52+00:00"
"espresso.onehubstagingdev.com","2024-10-18T10:32:28+00:00"
"lambda-artifacts-205ddc08dd8255cc","2024-07-11T16:50:43+00:00"
"lambda-artifacts-3043544e56a819ce","2024-05-10T16:08:40+00:00"
"lambda-artifacts-33ea0acf907a04d9","2022-12-19T23:17:51+00:00"
"lambda-artifacts-3ce41158726f720a","2024-07-11T17:23:08+00:00"
"lambda-artifacts-6b7fab36940da5bb","2024-07-11T17:27:14+00:00"
"lambda-artifacts-f297b4c72ef43658","2024-07-11T16:59:44+00:00"
"lambda-artifacts-faf11a4f2da0d572","2023-05-19T18:25:46+00:00"
"lambda-artifacts-fe0a4bc9663c2b56","2024-07-11T17:32:59+00:00"
"logs.onehub.com","2024-07-11T17:16:15+00:00"
"logs.onehubstagingdev.com","2024-10-16T07:52:12+00:00"
"logstash-storage-onehub","2021-07-06T19:37:36+00:00"
"logstash-testing","2021-06-28T23:37:06+00:00"
"mac-preview.doppio.onehub.com","2024-07-11T17:21:59+00:00"
"mac-preview.doppio.onehubdev.com","2024-07-11T17:35:30+00:00"
"mac-preview.doppio.onehubmaster.com","2024-07-11T17:17:59+00:00"
"mac-preview.doppio.onehubstaging.com","2024-07-11T16:51:23+00:00"
"marshal-api-logs","2025-11-04T12:57:26+00:00"
"marshal-cdn-logs","2025-11-04T04:46:04+00:00"
"marshal-deploy-secrets","2025-11-03T22:57:30+00:00"
"marshal-jars","2024-11-13T10:00:46+00:00"
"marshal.io","2024-11-13T10:00:46+00:00"
"marshal.newscannertest.instructions","2024-11-13T10:00:46+00:00"
"marshal.newscannertest.linearized","2024-11-13T10:00:46+00:00"
"marshal.newscannertest.originals","2024-11-08T02:37:15+00:00"
"marshal.newscannertest.results","2024-11-13T10:00:46+00:00"
"marshal.train.blind","2024-11-10T00:57:38+00:00"
"marshal.train.blind.meta","2024-11-13T10:00:46+00:00"
"marshal.train.initial-test","2024-11-13T10:00:46+00:00"
"marshal.train.initial-test.meta","2024-11-10T00:57:39+00:00"
"marshal.transfer","2024-07-11T17:35:55+00:00"
"marshal.transfer.meta","2024-07-11T17:34:07+00:00"
"microsoft-sharepoint-img","2024-11-13T10:35:16+00:00"
"mikemcc-dev-doppio.example.com","2024-07-11T17:16:48+00:00"
"mission-srodriguez-test","2024-03-14T22:04:45+00:00"
"onehub-cloudformation-templates","2020-06-23T20:45:22+00:00"
"onehub-cloudtrail","2024-07-22T08:41:14+00:00"
"onehub-dev-terraform-state","2025-10-30T21:59:22+00:00"
"onehub-ec2-usage-data","2024-07-22T08:43:49+00:00"
"onehub-image-resizer","2024-07-11T17:17:21+00:00"
"onehub-logstash-production","2021-07-29T21:36:43+00:00"
"onehub-logstash-stagingdev","2024-10-16T09:02:04+00:00"
"onehub-main-prowler-prowlerfindingsbucket-utsqdlrukde2","2025-11-05T13:27:26+00:00"
"onehub-muhimbi-licenses","2023-12-01T00:17:27+00:00"
"onehub-muhimbi-tfstate","2022-08-04T14:31:11+00:00"
"onehub-ops","2024-07-11T16:49:55+00:00"
"onehub-ops-master","2024-07-11T17:31:07+00:00"
"onehub-packages","2024-07-11T17:32:29+00:00"
"onehub-staging-clam-av-definitions","2024-03-26T20:52:04+00:00"
"onehub-terraform-config","2024-07-11T16:54:03+00:00"
"onehub-terraform-state","2023-07-18T03:55:01+00:00"
"onehub-textractor-output","2020-07-09T21:38:09+00:00"
"onehub-textractor-output-production","2020-08-19T19:09:16+00:00"
"onehub-textractor-output-staging","2020-08-18T23:18:30+00:00"
"onehub-textractor-output-stagingdev","2024-10-16T09:02:05+00:00"
"onehub-tika-output-dev","2020-10-15T23:18:15+00:00"
"onehub-tika-output-production","2020-10-15T20:01:19+00:00"
"onehub.com","2024-07-11T17:19:33+00:00"
"onehubcdk","2025-10-29T03:30:49+00:00"
"onehubdev.com","2024-07-11T17:18:26+00:00"
"onehubstaging.com","2024-07-11T17:14:17+00:00"
"onehubstagingdev.com","2024-10-16T09:02:05+00:00"
"phil-dev-doppio.example.com","2024-07-11T17:33:27+00:00"
"precompiled-assets","2020-02-10T23:39:56+00:00"
"prowler-main-5548-prowlerfindingsbucket-bpsluape7k16","2025-11-05T09:48:10+00:00"
"rheneise.dev","2024-03-22T20:22:49+00:00"
"ryang-dev-doppio.example.com","2024-07-11T17:31:32+00:00"
"ryang-test-doppio.example.com","2024-05-31T21:51:28+00:00"
"scanner-deploy","2025-11-04T13:30:17+00:00"
"scanner-pipeline-test","2024-11-10T07:52:17+00:00"
"serverlessimagehandler-demobucket-3zv2h3axlhof","2025-11-05T11:01:26+00:00"
"serverlessimagehandler-logs-qy0l5mxvpspq","2025-11-05T12:28:27+00:00"
"serverlessimagehandler-prod-logs-avz2lvo0rm3i","2025-11-06T01:00:56+00:00"
"serverlessimagehandler-prod-logs-avz2lvo0rm3i.s3.amazonaws.com","2020-05-11T23:47:12+00:00"
"serverlessimagehandler-production-logs-16y37uleg5iun","2024-07-11T16:47:12+00:00"
"serverlessimagehandlerv2-demobucket-qmyz5d0b10oc","2025-11-05T10:37:34+00:00"
"serverlessimagehandlerv2-logs-1x2yor0lpfgko","2025-11-06T01:37:48+00:00"
"sparky.onehub","2024-07-11T17:18:53+00:00"
"srodriguez-test-mysql","2024-10-18T18:18:53+00:00"
"stage-alb-testing-logs","2024-01-12T23:16:14+00:00"
"staging-marshal-api-logs","2025-11-04T10:33:26+00:00"
"staging-marshal-cdn-logs","2025-11-04T11:30:28+00:00"
"staging-marshal-deploy-secrets","2025-11-04T02:00:59+00:00"
"stagingdev-serverlessimagehandler-logs","2024-10-18T18:34:19+00:00"
"stagingdev.cdn.test","2024-10-16T12:15:58+00:00"
"temp-serverless-resize-13a48df8c35b11ed","2024-07-11T16:53:05+00:00"
"temp-serverless-resize-3447cbe8a31b8ad4","2024-07-11T17:15:29+00:00"
"temp-serverless-resize-c27c995362f37ee8","2024-07-11T16:35:02+00:00"
"temp-serverless-resize-f641aaab69e73c2c","2024-07-11T16:42:05+00:00"
"test-ryang.dev.onehub.com","2024-07-11T17:29:32+00:00"
"test-swetonic.dev.onehub.com","2024-07-11T17:13:36+00:00"
"textractor-temp-dev","2020-08-19T21:26:03+00:00"
"textractor-temp-production","2020-08-19T19:45:00+00:00"
"tika-output-production","2020-10-21T18:16:22+00:00"
"tswetonic","2020-10-20T20:32:45+00:00"
"video.doppio.onehub.com","2024-07-11T17:30:37+00:00"
"video.doppio.onehubdev.com","2024-07-11T17:12:55+00:00"
"video.doppio.onehubstaging.com","2024-07-11T16:40:14+00:00"
"video.onehub.com","2024-07-11T17:29:58+00:00"
"video.onehubdev.com","2024-07-11T16:43:16+00:00"
"video.onehubstaging.com","2024-07-11T17:12:27+00:00"
"video.onehubstagingdev.com","2024-10-18T20:37:20+00:00"
